NAME,COUNT,LINK
TOM TIT TOT,1699,https://www.sacred-texts.com/neu/eng/eft/img/001.jpg
THE THREE SILLIES,1332,https://images-na.ssl-images-amazon.com/images/I/51WBNBQKTAL.jpg
THE ROSE-TREE,955,https://upload.wikimedia.org/wikipedia/commons/thumb/9/92/Page_16_illustration_in_English_Fairy_Tales.png/220px-Page_16_illustration_in_English_Fairy_Tales.png
THE OLD WOMAN AND HER PIG,687,https://images-na.ssl-images-amazon.com/images/I/A1yk4tzvZUL.jpg
HOW JACK WENT TO SEEK HIS FORTUNE,639,https://assets.americanliterature.com/al/images/story/how-jack-went-out-to-seek-his-fortune.jpg
MR. VINEGAR,1115,https://images-na.ssl-images-amazon.com/images/I/51z482X2khL._SY445_QL70_ML2_.jpg
NIX NOUGHT NOTHING,1887,https://www.sacred-texts.com/neu/eng/eft/img/010.jpg
JACK HANNAFORD,679,https://www.storynory.com/wp-content/uploads/2016/03/xoldjack-344x600.jpg.pagespeed.ic.XXLR7bVH3a.jpg
BINNORIE,771,https://whisperingbooks.com/books/English_Fairy_Tales/i/English_Fairy_Tale_Binnorie.jpg
MOUSE AND MOUSER,295,https://www.sacred-texts.com/neu/eng/eft/img/015.jpg
CAP O' RUSHES,1361,https://vignette.wikia.nocookie.net/charlie-bears/images/a/a8/Cap-o%27-Rushes.png/revision/latest/top-crop/width/360/height/450?cb=20151224001055
TEENY-TINY,330,https://images-na.ssl-images-amazon.com/images/I/51DqLGuU4KL.jpg
JACK AND THE BEANSTALK,2431,https://images.penguinrandomhouse.com/cover/9781465482792
THE STORY OF THE THREE LITTLE PIGS,963,https://images-na.ssl-images-amazon.com/images/I/719Dl9f5o-L.jpg
THE MASTER AND HIS PUPIL,781,https://www.sacred-texts.com/neu/eng/eft/img/039.jpg
TITTY MOUSE AND TATTY MOUSE,753,https://www.studentuk.com/wp-content/uploads/2016/08/short-story-titty-mouse-and-tatty-mouse.png
JACK AND HIS GOLDEN SNUFF-BOX,3550,https://i.pinimg.com/originals/eb/bc/1e/ebbc1e6ff056bdf6e0e9d5c90688de7b.jpg
THE STORY OF THE THREE BEARS,1344,https://upload.wikimedia.org/wikipedia/commons/e/ef/The_Three_Bears_-_Project_Gutenberg_eText_17034.jpg
JACK THE GIANT-KILLER,3973,https://upload.wikimedia.org/wikipedia/en/thumb/c/c5/JacktheGiantKiller.jpg/220px-JacktheGiantKiller.jpg
HENNY-PENNY,668,https://assets.americanliterature.com/al/images/story/henny-penny.jpg
CHILDE ROWLAND,1875,https://www.sacred-texts.com/neu/eng/eft/img/022.jpg
MOLLY WHUPPIE,1389,https://rhinestonearmadillo.typepad.com/.a/6a00e54efdf1128833017eeac4dd33970d-pi
THE RED ETTIN,1679,https://upload.wikimedia.org/wikipedia/commons/thumb/1/11/Page_138_illustration_in_English_Fairy_Tales.png/220px-Page_138_illustration_in_English_Fairy_Tales.png
THE GOLDEN ARM,261,https://upload.wikimedia.org/wikipedia/commons/thumb/1/1f/Page_143_illustration_in_English_Fairy_Tales.png/220px-Page_143_illustration_in_English_Fairy_Tales.png
THE HISTORY OF TOM THUMB,1873,https://upload.wikimedia.org/wikipedia/commons/2/24/Tom_Thumb_Adventures.jpg
MR. FOX,1031,https://images.squarespace-cdn.com/content/v1/5663a8cae4b058c26c1b41ab/1462812694992-IROYRD3PUT65GWROZCE6/ke17ZwdGBToddI8pDm48kPl0tKrmNPvqeSds2kiPxHtZw-zPPgdn4jUwVcJE1ZvWHm65NfeYbc0U5OAzL71VaDqqXjS3CfNDSuuf31e0tVGDU0NmqZMe9ko3p3lU-qTY326c9BOEhDB0zkwa0T9H_NbuIRIh81uJ_W40I9uHIos/image-asset.jpeg
LAZY JACK,701,https://whisperingbooks.com/books/English_Fairy_Tales/i/English_Fairy_Tale_Lazy_Jack_By_Arthur_Rackham.jpg
JOHNNY-CAKE,828,https://whisperingbooks.com/books/English_Fairy_Tales/i/English_Fairy_Tale_Johnny-Cake_1.jpg
EARL MAR'S DAUGHTER,1089,https://whisperingbooks.com/books/English_Fairy_Tales/i/English_Fairy_Tale_Earl_Mars_Daughter_1.jpg
MR. MIACCA,639,https://www.sacred-texts.com/neu/eng/eft/img/036.jpg
WHITTINGTON AND HIS CAT,3200,https://upload.wikimedia.org/wikipedia/commons/4/47/Adventuresofwhit00newyiala_0007.jpg
THE STRANGE VISITOR,502,https://assets.americanliterature.com/al/images/story/the-strange-visitor-limbs.jpg
THE LAIDLY WORM OF SPINDLESTON HEUGH,1278,https://upload.wikimedia.org/wikipedia/commons/f/f1/Page_195_illustration_in_English_Fairy_Tales.png
THE CAT AND THE MOUSE,389,https://virtuousgirls.files.wordpress.com/2016/05/cat-and-mouse-in-partnership-fairy-tale.jpg?w=584
THE FISH AND THE RING,1188,https://i.gr-assets.com/images/S/compressed.photo.goodreads.com/books/1453044960l/28588778._SX318_.jpg
THE MAGPIE'S NEST,409,https://whisperingbooks.com/books/English_Fairy_Tales/i/English_Fairy_Tale_Magpies_Nest.jpg
KATE CRACKERNUTS,1219,https://upload.wikimedia.org/wikipedia/commons/d/d0/Page_210_illustration_in_English_Fairy_Tales.png
THE CAULD LAD OF HILTON,428,https://upload.wikimedia.org/wikipedia/commons/thumb/3/3c/Page_212_illustration_in_English_Fairy_Tales.png/220px-Page_212_illustration_in_English_Fairy_Tales.png
THE ASS THE TABLE AND THE STICK,1188,https://3.bp.blogspot.com/-QQhVJjzMoV4/WGb5sR6O5dI/AAAAAAAByOs/oI_d6fOv1mMZtPi8awqQqeP1F_vsGv-mACLcB/s1600/Screen%2BShot%2B2016-12-30%2Bat%2B7.19.36%2BPM.png
FAIRY OINTMENT,804,https://i.pinimg.com/originals/ca/de/ac/cadeac723c1afbd7e16be274981acf54.jpg
THE WELL OF THE WORLD'S END,1110,https://upload.wikimedia.org/wikipedia/commons/thumb/c/c8/Page_227_illustration_in_English_Fairy_Tales.png/220px-Page_227_illustration_in_English_Fairy_Tales.png
MASTER OF ALL MASTERS,294,https://www.studentuk.com/wp-content/uploads/2016/08/short-story-master-of-all-masters-360x270.jpg
THE THREE HEADS OF THE WELL,1397,https://fairytalez.com/wp-content/uploads/2015/03/the-three-heads-of-the-well-english-fairy-tale-illustration-by-arthur-rackham.jpg